{"cameraMode":{"drawMode":0,"name":"Shaded","section":"Shading Mode"},"sceneLighting":true,"audioPlay":false,"sceneViewState":{"showFog":true,"showMaterialUpdate":false,"showSkybox":true,"showFlares":true,"showImageEffects":true,"showParticleSystems":true},"in2DMode":false,"pivot":{"x":381.10589599609377,"y":411.257568359375,"z":0.0},"rotation":{"x":0.03268537297844887,"y":-0.000903505424503237,"z":-0.000030324952604132704,"w":-0.9994755983352661},"size":214.6249237060547,"orthographic":false}